"rules","support","confidence","coverage","lift","count"
"{handicapped_infants=y,el_salvador_aid=n,immigration=n,crime=n,export_administration_act_south_africa=unknown} => {religious_groups_in_schools=n}",0.0597701149425287,1,0.0597701149425287,2.86184210526316,26
"{el_salvador_aid=n,immigration=n,superfund_right_to_sue=n,crime=n,export_administration_act_south_africa=unknown} => {religious_groups_in_schools=n}",0.064367816091954,1,0.064367816091954,2.86184210526316,28
"{physician_fee_freeze=n,el_salvador_aid=n,immigration=n,crime=n,export_administration_act_south_africa=unknown} => {religious_groups_in_schools=n}",0.0689655172413793,1,0.0689655172413793,2.86184210526316,30
"{adoption_of_budget_resolution=y,el_salvador_aid=n,immigration=n,crime=n,export_administration_act_south_africa=unknown} => {religious_groups_in_schools=n}",0.0666666666666667,1,0.0666666666666667,2.86184210526316,29
"{el_salvador_aid=n,immigration=n,superfund_right_to_sue=n,crime=n,duty_free_exports=y,export_administration_act_south_africa=unknown} => {religious_groups_in_schools=n}",0.0505747126436782,1,0.0505747126436782,2.86184210526316,22
"{physician_fee_freeze=n,el_salvador_aid=n,immigration=n,crime=n,duty_free_exports=y,export_administration_act_south_africa=unknown} => {religious_groups_in_schools=n}",0.0528735632183908,1,0.0528735632183908,2.86184210526316,23
"{adoption_of_budget_resolution=y,el_salvador_aid=n,immigration=n,crime=n,duty_free_exports=y,export_administration_act_south_africa=unknown} => {religious_groups_in_schools=n}",0.0505747126436782,1,0.0505747126436782,2.86184210526316,22
"{handicapped_infants=y,el_salvador_aid=n,immigration=n,superfund_right_to_sue=n,crime=n,export_administration_act_south_africa=unknown} => {religious_groups_in_schools=n}",0.0574712643678161,1,0.0574712643678161,2.86184210526316,25
"{handicapped_infants=y,el_salvador_aid=n,mx_missile=y,immigration=n,crime=n,export_administration_act_south_africa=unknown} => {religious_groups_in_schools=n}",0.0528735632183908,1,0.0528735632183908,2.86184210526316,23
"{handicapped_infants=y,el_salvador_aid=n,immigration=n,education_spending=n,crime=n,export_administration_act_south_africa=unknown} => {religious_groups_in_schools=n}",0.0597701149425287,1,0.0597701149425287,2.86184210526316,26
"{handicapped_infants=y,el_salvador_aid=n,anti_satellite_test_ban=y,immigration=n,crime=n,export_administration_act_south_africa=unknown} => {religious_groups_in_schools=n}",0.0597701149425287,1,0.0597701149425287,2.86184210526316,26
"{handicapped_infants=y,el_salvador_aid=n,aid_to_nicaraguan_contras=y,immigration=n,crime=n,export_administration_act_south_africa=unknown} => {religious_groups_in_schools=n}",0.0597701149425287,1,0.0597701149425287,2.86184210526316,26
"{handicapped_infants=y,physician_fee_freeze=n,el_salvador_aid=n,immigration=n,crime=n,export_administration_act_south_africa=unknown} => {religious_groups_in_schools=n}",0.0597701149425287,1,0.0597701149425287,2.86184210526316,26
"{handicapped_infants=y,adoption_of_budget_resolution=y,el_salvador_aid=n,immigration=n,crime=n,export_administration_act_south_africa=unknown} => {religious_groups_in_schools=n}",0.0574712643678161,1,0.0574712643678161,2.86184210526316,25
"{party=democrat,handicapped_infants=y,el_salvador_aid=n,immigration=n,crime=n,export_administration_act_south_africa=unknown} => {religious_groups_in_schools=n}",0.0597701149425287,1,0.0597701149425287,2.86184210526316,26
"{el_salvador_aid=n,mx_missile=y,immigration=n,superfund_right_to_sue=n,crime=n,export_administration_act_south_africa=unknown} => {religious_groups_in_schools=n}",0.0551724137931034,1,0.0551724137931034,2.86184210526316,24
"{el_salvador_aid=n,immigration=n,education_spending=n,superfund_right_to_sue=n,crime=n,export_administration_act_south_africa=unknown} => {religious_groups_in_schools=n}",0.064367816091954,1,0.064367816091954,2.86184210526316,28
"{el_salvador_aid=n,anti_satellite_test_ban=y,immigration=n,superfund_right_to_sue=n,crime=n,export_administration_act_south_africa=unknown} => {religious_groups_in_schools=n}",0.064367816091954,1,0.064367816091954,2.86184210526316,28
"{el_salvador_aid=n,aid_to_nicaraguan_contras=y,immigration=n,superfund_right_to_sue=n,crime=n,export_administration_act_south_africa=unknown} => {religious_groups_in_schools=n}",0.064367816091954,1,0.064367816091954,2.86184210526316,28
"{physician_fee_freeze=n,el_salvador_aid=n,immigration=n,superfund_right_to_sue=n,crime=n,export_administration_act_south_africa=unknown} => {religious_groups_in_schools=n}",0.064367816091954,1,0.064367816091954,2.86184210526316,28
